Workbook

Sheet RPA-set2018
B2: Relatório de pagamento de rpa | G2: MÊS | H2: ANO
G3: Setembro | H3: 2018
B4: DATA | C4: NOME | D4: CPF | E4: VALOR DO SERVIÇO | F4: INSS DESCONTADO | G4: INSS DA EMPRESA | H4: VALOR LÍQUIDO A PAGAR
B5: 43344 | C5: Albert Einstein | D5: 4324422377 | E5: 1200 | F5: =$C$13*E5 -> 132 | G5: =E5*$C$14 -> 240 | H5: =E5-F5 -> 1068
B6: 43344 | C6: Thomas Edison | D6: 7545475477 | E6: 955 | F6: =$C$13*E6 -> 105.05 | G6: =E6*$C$14 -> 191 | H6: =E6-F6 -> 849.95
B7: 43348 | C7: Georde Lucas | D7: 2532532535 | E7: 345 | F7: =$C$13*E7 -> 37.95 | G7: =E7*$C$14 -> 69 | H7: =E7-F7 -> 307.05
F8: =$C$13*E8 -> 0 | G8: =E8*$C$14 -> 0 | H8: =E8-F8 -> 0
F9: =$C$13*E9 -> 0 | G9: =E9*$C$14 -> 0 | H9: =E9-F9 -> 0
B10: Total do período | E10: =SUM(E5:E9) -> 2500 | F10: =SUM(F5:F9) -> 275 | G10: =SUM(G5:G9) -> 500 | H10: =SUM(H5:H9) -> 2225
B12: Tabela de aliquota do INSS
B13: Descontado do autônomo | C13: 0.11
B14: Contribuição da empresa | C14: 0.2

Sheet RPA-out2018
B2: Relatório de pagamento de rpa | G2: MÊS | H2: ANO
G3: Outubro | H3: 2018
B4: DATA | C4: NOME | D4: CPF | E4: VALOR DO SERVIÇO | F4: INSS DESCONTADO | G4: INSS DA EMPRESA | H4: VALOR LÍQUIDO A PAGAR
B5: 43381 | C5: Galileu Galilei | D5: 34523423477 | E5: 789 | F5: =$C$13*E5 -> 86.79 | G5: =E5*$C$14 -> 157.8 | H5: =E5-F5 -> 702.21
B6: 43382 | C6: Isaac newton | D6: 74534423445 | E6: 1257 | F6: =$C$13*E6 -> 138.27 | G6: =E6*$C$14 -> 251.4 | H6: =E6-F6 -> 1118.73
B7: 43383 | C7: Nicolau Copernico | D7: 34523423477 | E7: 345 | F7: =$C$13*E7 -> 37.95 | G7: =E7*$C$14 -> 69 | H7: =E7-F7 -> 307.05
F8: =$C$13*E8 -> 0 | G8: =E8*$C$14 -> 0 | H8: =E8-F8 -> 0
F9: =$C$13*E9 -> 0 | G9: =E9*$C$14 -> 0 | H9: =E9-F9 -> 0
B10: Total do período | E10: =SUM(E5:E9) -> 2391 | F10: =SUM(F5:F9) -> 263.01 | G10: =SUM(G5:G9) -> 478.2 | H10: =SUM(H5:H9) -> 2127.99
B12: Tabela de aliquota do INSS
B13: Descontado do autônomo | C13: 0.11
B14: Contribuição da empresa | C14: 0.2

Sheet RPA-ano2018
B2: Resumo anual de pagamento de rpa | F2: ano
F3: 2018
B4: mês | C4: valor dos serviços | D4: inss descontado | E4: inss da empresa | F4: valor líquido pago
B5: ...
B6: setembro | C6: ='RPA-set2018'!E10 -> 2500 | D6: ='RPA-set2018'!F10 -> 275 | E6: ='RPA-set2018'!G10 -> 500 | F6: ='RPA-set2018'!H10 -> 2225
B7: Outubro | C7: ='RPA-out2018'!E10 -> 2391 | D7: ='RPA-out2018'!F10 -> 263.01 | E7: ='RPA-out2018'!G10 -> 478.2 | F7: ='RPA-out2018'!H10 -> 2127.99
B8: total | C8: =SUM(C5:C6) -> 2500 | D8: =SUM(D5:D6) -> 275 | E8: =SUM(E5:E6) -> 500 | F8: =SUM(F5:F6) -> 2225
